X,Z,Z.Dist,MEAN,SD
-3.046143055,-3.038789024,0.003991826,-0.045256707,0.987527046
-2.834554505,-2.824528007,0.007481168,-0.042252817,0.983440101
-2.772592756,-2.76178365,0.008914184,-0.03945492,0.979947065
-2.739677167,-2.728452321,0.009768297,-0.036713558,0.976602702
-2.659172238,-2.646930575,0.012161162,-0.033999739,0.973324861
-2.655619093,-2.643332552,0.012277455,-0.031361375,0.970244437
-2.582796633,-2.569590308,0.0148793,-0.028721276,0.967150467
-2.559184666,-2.545680111,0.01581762,-0.026149196,0.96423048
-2.552989816,-2.539407016,0.016071928,-0.023595733,0.961351932
-2.369586905,-2.353687636,0.025316223,-0.021043368,0.958468617
-2.364173817,-2.348206178,0.025644574,-0.018671102,0.95603783
-2.320594276,-2.304076206,0.028416915,-0.016299511,0.953603487
-2.28862004,-2.271698119,0.030601896,-0.013967229,0.951260107
-2.255564229,-2.238224798,0.03300117,-0.011662617,0.948978771
-2.245321648,-2.227852848,0.033774429,-0.009386854,0.946761864
-2.239604059,-2.222063042,0.034212328,-0.00711687,0.944554449
-2.223403152,-2.20565751,0.035477746,-0.004848082,0.942345677
-2.201441286,-2.183418254,0.037252181,-0.002591159,0.940160817
-2.094603071,-2.07523062,0.046902786,-0.000352004,0.938013742
-2.069985025,-2.050301636,0.049377741,0.001782808,0.936102371
-2.047323613,-2.027353999,0.051742838,0.003896857,0.934234428
-2.030684468,-2.010504693,0.053533283,0.005992077,0.932405409
-2.016406628,-1.996046517,0.055106479,0.008074569,0.930601768
-2.004215715,-1.983701628,0.05647692,0.010146709,0.92881826
-1.980796468,-1.959986584,0.059180638,0.012210605,0.92705028
-1.96862469,-1.94766107,0.060623119,0.014254715,0.925322805
-1.951804101,-1.930628029,0.062658907,0.016290525,0.923610963
-1.945703083,-1.924449952,0.063409541,0.018313233,0.921925036
-1.936279806,-1.914907654,0.06458179,0.020333826,0.920241517
-1.884585845,-1.862560773,0.071293262,0.022348876,0.918567734
-1.84306955,-1.820520107,0.077032038,0.024314788,0.91699555
-1.829740411,-1.807022614,0.078941161,0.026241913,0.915501719
-1.824256656,-1.801469596,0.079736049,0.02815925,0.914026389
-1.794229271,-1.771062951,0.084186633,0.030074882,0.91255312
-1.791327548,-1.768124578,0.08462552,0.031963396,0.911133244
-1.781562856,-1.758236552,0.08611385,0.033852816,0.909710308
-1.777666955,-1.754291444,0.086712574,0.035736028,0.908298575
-1.768538451,-1.745047643,0.088126431,0.037619104,0.906885892
-1.755890583,-1.732240027,0.090110833,0.039496607,0.90548314
-1.742356198,-1.718534695,0.092267078,0.041364856,0.90409765
-1.726282602,-1.702258082,0.094871833,0.043222899,0.902731276
-1.706270191,-1.681992904,0.098181526,0.045068056,0.901389248
-1.698105819,-1.673725413,0.09955296,0.046896175,0.900079575
-1.688230028,-1.663724885,0.101228253,0.048719584,0.89877815
-1.681218215,-1.65662451,0.102428578,0.050536476,0.897488478
-1.676003806,-1.65134424,0.103327054,0.052349832,0.896204788
-1.661598291,-1.636756776,0.105835052,0.054161524,0.894923461
-1.660699812,-1.635846949,0.105992731,0.055961901,0.893663116
-1.656715102,-1.63181191,0.106693804,0.057765117,0.892396507
-1.642965294,-1.617888435,0.109135109,0.059567936,0.89112985
-1.632634526,-1.607427185,0.110991882,0.061360076,0.889882907
-1.632423302,-1.607213293,0.111030047,0.063145107,0.888648809
-1.630198347,-1.604960235,0.111432549,0.064933681,0.887407203
-1.616956044,-1.591550676,0.113846536,0.066723683,0.886162108
-1.616474189,-1.591062734,0.113934968,0.068503472,0.884935779
-1.613897848,-1.588453852,0.114408493,0.070286517,0.88370252
-1.610878403,-1.585396271,0.11496497,0.07207061,0.882466522
-1.602057656,-1.576464113,0.11659992,0.073855286,0.881228667
-1.601836049,-1.576239707,0.116641174,0.075634387,0.880000717
-1.582938397,-1.557103369,0.120191066,0.077417033,0.878765267
-1.570623409,-1.544632836,0.122538203,0.079183369,0.877560139
-1.567767724,-1.541741083,0.123086253,0.080940352,0.876372038
-1.566994711,-1.540958306,0.123234851,0.082698036,0.875181994
-1.550429345,-1.524183711,0.126444079,0.084458647,0.873985792
-1.544771097,-1.518453997,0.127551075,0.086205323,0.87281521
-1.5415874,-1.515230088,0.128176348,0.087949682,0.871648397
-1.540797014,-1.51442972,0.128331846,0.089694369,0.870480404
-1.536243686,-1.509818881,0.129229722,0.091441948,0.869306406
-1.506998398,-1.48020421,0.135079823,0.093188392,0.868133953
-1.502396569,-1.475544258,0.136013305,0.094907175,0.867012488
-1.491257593,-1.464264591,0.138287209,0.096624706,0.865892887
-1.471835007,-1.444596688,0.142300119,0.098333944,0.864788133
-1.466424328,-1.439117669,0.143428737,0.100025936,0.863714548
-1.461732688,-1.434366772,0.144411104,0.101715742,0.862644611
-1.454365675,-1.426906709,0.145960606,0.103404131,0.861576927
-1.4465347,-1.418976825,0.147616918,0.105088207,0.860516758
-1.444940199,-1.417362185,0.147955323,0.106767453,0.859465039
-1.437791474,-1.410123168,0.149477289,0.108448609,0.858409577
-1.424060909,-1.39621918,0.152422176,0.110125659,0.857361255
-1.421919872,-1.3940511,0.152883915,0.111791443,0.856332956
-1.420017937,-1.392125143,0.153294657,0.11345852,0.855302105
-1.416906113,-1.388974015,0.153967837,0.115127156,0.854268218
-1.405962916,-1.3778926,0.156346411,0.116796038,0.853233648
-1.401347293,-1.373218679,0.157354838,0.118456625,0.852213723
-1.383363955,-1.355008203,0.161312669,0.1201158,0.851196119
-1.378083467,-1.34966102,0.162483378,0.121758947,0.850206855
-1.374951293,-1.346489285,0.163179601,0.123399913,0.849221319
-1.370759983,-1.342245036,0.164113338,0.125041042,0.848235363
-1.359780726,-1.331127106,0.166570469,0.126681175,0.847251042
-1.353388858,-1.324654506,0.168008296,0.128312856,0.84628151
-1.347925423,-1.319122064,0.16924149,0.1299411,0.845317931
-1.347759061,-1.318953602,0.169279101,0.131566916,0.844358536
-1.346717506,-1.317898891,0.169514657,0.13319613,0.843393104
-1.341496726,-1.31261217,0.170697466,0.134827787,0.842423289
-1.334258471,-1.305282493,0.172343047,0.136457285,0.841457181
-1.332211655,-1.303209824,0.172809567,0.138082385,0.840498709
-1.31839587,-1.289219539,0.175971954,0.139708816,0.839537834
-1.315907411,-1.286699649,0.176544002,0.14132355,0.838597344
-1.306526852,-1.277200609,0.178706973,0.142939106,0.837655393
-1.303242754,-1.273875032,0.17946664,0.144547836,0.836725287
-1.298686722,-1.269261455,0.180522572,0.146156492,0.835795305
-1.29285691,-1.263358009,0.181877141,0.147763659,0.834867903
-1.284552298,-1.254948506,0.183813244,0.149367914,0.83394555
-1.279689173,-1.250023957,0.184950495,0.150966487,0.833033028
-1.279161107,-1.249489222,0.185074137,0.152563201,0.832123746
-1.270484998,-1.240703529,0.187109782,0.154162893,0.831209371
-1.263068349,-1.233193204,0.18885611,0.155756459,0.830305581
-1.25279536,-1.222790462,0.191284124,0.157345288,0.829409977
-1.23482582,-1.204593958,0.19555562,0.158926163,0.828528049
-1.226621659,-1.196286175,0.197515653,0.160490419,0.82767442
-1.226196192,-1.195855333,0.197617462,0.162048972,0.826830559
-1.225435519,-1.195085053,0.197799521,0.163610553,0.825981785
-1.217938512,-1.187493354,0.199596516,0.165174794,0.825128698
-1.214077403,-1.183583478,0.200523855,0.16673411,0.82428407
-1.210542994,-1.180004428,0.201373807,0.168292588,0.823441033
-1.208573654,-1.178010214,0.201847832,0.169850594,0.822598973
-1.188944955,-1.158133595,0.206589024,0.171409898,0.821754921
-1.188859258,-1.158046815,0.206609787,0.172950503,0.820942295
-1.18468659,-1.153821445,0.207621389,0.174494505,0.820124271
-1.18388064,-1.153005315,0.207816922,0.176037276,0.819308533
-1.180632184,-1.14971583,0.208605497,0.177582637,0.818488727
-1.179157931,-1.148222956,0.208963618,0.179127819,0.817669455
-1.177628962,-1.146674676,0.209335187,0.180674842,0.816847354
-1.173123405,-1.142112211,0.210431038,0.182223649,0.816022509
-1.168093498,-1.137018773,0.211655996,0.183770849,0.81520057
-1.165149841,-1.134037937,0.212373628,0.185315836,0.814382547
-1.159420516,-1.128236248,0.213771914,0.186860992,0.813564487
-1.157355259,-1.126144906,0.214276442,0.188403124,0.812751693
-1.156182432,-1.124957265,0.214563068,0.189946425,0.81193721
-1.153950364,-1.122697005,0.215108781,0.191491923,0.811119326
-1.147610945,-1.116277516,0.216660236,0.193038408,0.810300043
-1.147468652,-1.116133426,0.216695085,0.194581158,0.80948721
-1.140196301,-1.108769221,0.218477612,0.196127298,0.808668998
-1.139802455,-1.108370401,0.218574227,0.197668617,0.807859037
-1.128011331,-1.09643035,0.221470276,0.199213041,0.807044186
-1.126825809,-1.095229853,0.22176182,0.200747405,0.806246242
-1.118311924,-1.086608434,0.22385739,0.202283948,0.805444987
-1.115896986,-1.084162994,0.224452351,0.203814186,0.804654405
-1.104383339,-1.072503924,0.227292062,0.205345174,0.803862895
-1.102906213,-1.071008141,0.227656729,0.206866345,0.803087784
-1.099400791,-1.067458443,0.228522432,0.208389336,0.802310032
-1.093061509,-1.061039093,0.230088993,0.209911793,0.801533485
-1.084036621,-1.051900217,0.232321249,0.21143041,0.800763541
-1.079931508,-1.047743255,0.23333733,0.21294204,0.800005311
-1.077099069,-1.044875041,0.234038637,0.214452406,0.799249502
-1.070752622,-1.038448434,0.235610629,0.215962993,0.79849371
-1.061222287,-1.028797727,0.237972652,0.217469685,0.797744599
-1.060015823,-1.027576024,0.238271766,0.218968738,0.797008195
-1.054628464,-1.02212062,0.239607666,0.220469894,0.796268823
-1.051880103,-1.019337546,0.240289302,0.221968247,0.795534367
-1.048552965,-1.015968385,0.241114581,0.223466892,0.794799862
-1.045253366,-1.01262711,0.241933116,0.224965148,0.794066402
-1.034242842,-1.001477518,0.244664903,0.226463048,0.79333394
-1.032643102,-0.999857572,0.245061833,0.227951484,0.792617039
-1.029935283,-0.997115553,0.2457337,0.229441549,0.791897997
-1.022506844,-0.989593288,0.247576767,0.230931936,0.791178895
-1.018041875,-0.985071925,0.248684442,0.232417053,0.790468638
-1.016738649,-0.983752238,0.249007722,0.233900397,0.789761668
-1.006831752,-0.973720213,0.251464698,0.235385716,0.78905204
-1.000215347,-0.967020239,0.253104911,0.236862788,0.788355949
-0.99621264,-0.962966976,0.254096837,0.2383355,0.787667232
-0.993123611,-0.959838931,0.254862136,0.239806952,0.786981011
-0.988001942,-0.954652573,0.256130575,0.24127823,0.786295584
-0.985510738,-0.952129903,0.256747334,0.242746904,0.785614766
-0.978829859,-0.945364642,0.258400572,0.244216111,0.784933643
-0.97727788,-0.94379306,0.258784449,0.245680837,0.784260068
-0.97110457,-0.937541779,0.260310682,0.247147214,0.783584458
-0.964612014,-0.930967218,0.261914512,0.248609702,0.782915467
-0.964606424,-0.930961558,0.261915892,0.250067901,0.782253709
-0.960504382,-0.926807704,0.262928434,0.251529603,0.78158707
-0.955945,-0.922190736,0.264053112,0.252989885,0.780923206
-0.947488595,-0.913627522,0.266136814,0.25444819,0.780262982
-0.945615796,-0.911731068,0.266597857,0.255899804,0.7796137
-0.944446256,-0.910546757,0.266885691,0.257352665,0.778963088
-0.944368491,-0.910468009,0.266904827,0.258807627,0.77830982
-0.938981573,-0.905013052,0.268229734,0.260266022,0.777651827
-0.937880231,-0.9038978,0.268500432,0.26172142,0.776999062
-0.932789042,-0.898742306,0.26975099,0.263179016,0.77634349
-0.932740911,-0.898693567,0.269762806,0.264633965,0.775692606
-0.930156503,-0.896076516,0.270397089,0.2660924,0.775036932
-0.919113445,-0.88489398,0.273103123,0.26755124,0.774381226
-0.91800477,-0.883771301,0.2733744,0.269000159,0.773741421
-0.913079218,-0.878783537,0.27457869,0.270451265,0.773098876
-0.912822225,-0.878523299,0.274641482,0.271899895,0.77246076
-0.912783494,-0.878484078,0.274650945,0.27335176,0.771818301
-0.908763246,-0.874413053,0.275632663,0.274807141,0.771171053
-0.907298364,-0.872929669,0.275990111,0.276261158,0.770526522
-0.898942156,-0.864467918,0.27802631,0.277716951,0.769879881
-0.897400927,-0.862907222,0.278401329,0.279166039,0.769244167
-0.895466561,-0.860948424,0.278871763,0.2806168,0.768606529
-0.890915083,-0.856339458,0.279977574,0.282068754,0.767967698
-0.888971358,-0.854371183,0.280449334,0.283518673,0.767332629
-0.888720257,-0.854116911,0.280510257,0.284969774,0.766696393
-0.887785748,-0.853170598,0.280736949,0.286424161,0.766055764
-0.887780137,-0.853164916,0.28073831,0.287880997,0.765412012
-0.887180942,-0.852558153,0.280883625,0.289341445,0.764763336
-0.882418819,-0.847735882,0.28203751,0.290804782,0.764110837
-0.878190343,-0.843453999,0.283060546,0.292265832,0.763462488
-0.870797149,-0.835967425,0.284845627,0.293725254,0.762817278
-0.864044991,-0.829129984,0.286471735,0.29517909,0.762181281
-0.861225685,-0.826275069,0.287149474,0.29662812,0.761553288
-0.858972388,-0.823993312,0.287690616,0.298077248,0.760925815
-0.858919908,-0.823940168,0.287703213,0.299527185,0.760297785
-0.856549308,-0.821539627,0.288271995,0.300980695,0.759664975
-0.854095739,-0.819055068,0.288860114,0.302434878,0.759031804
-0.852585847,-0.817526105,0.289221744,0.303889634,0.758398428
-0.851729197,-0.816658636,0.289426818,0.305346152,0.757763028
-0.848320523,-0.813206908,0.2902421,0.306805263,0.757124328
-0.840290395,-0.805075356,0.292158065,0.308263756,0.756487241
-0.837678042,-0.802430007,0.292779915,0.309715784,0.755860692
-0.829964598,-0.794619138,0.29461174,0.311168181,0.755234271
-0.826438539,-0.791048544,0.295446934,0.312614483,0.754617799
-0.817493098,-0.781990117,0.2975594,0.314059982,0.754003254
-0.815791542,-0.78026707,0.297960161,0.315497788,0.753401037
-0.813364259,-0.777809129,0.298531251,0.316937087,0.752797306
-0.813146282,-0.777588399,0.298582501,0.318376962,0.752193444
-0.812992989,-0.777433169,0.29861854,0.319820231,0.751585199
-0.807648488,-0.772021165,0.299873225,0.321266991,0.750972412
-0.805626508,-0.769973646,0.300346988,0.322710617,0.750365083
-0.804753741,-0.769089856,0.300551325,0.324155351,0.749756819
-0.803409664,-0.767728803,0.300865819,0.32560267,0.749145388
-0.803141387,-0.767457138,0.300928565,0.32705198,0.748531681
-0.801496885,-0.765791865,0.301312988,0.328504671,0.747913589
-0.7994224,-0.763691177,0.301797431,0.329958984,0.747293763
-0.794636321,-0.758844648,0.302912971,0.331414373,0.746673032
-0.793117363,-0.757306505,0.303266382,0.332867341,0.746056689
-0.792286662,-0.756465312,0.30345953,0.334322102,0.745438367
-0.788669255,-0.752802215,0.304299542,0.335779552,0.744816703
-0.782629156,-0.746685827,0.305698181,0.337236092,0.744197145
-0.769916074,-0.733812173,0.308625321,0.338688576,0.743584452
-0.765702194,-0.729545069,0.309590401,0.340128322,0.742991646
-0.764143924,-0.727967117,0.309946617,0.341566333,0.742402213
-0.762114512,-0.725912073,0.31040999,0.34300606,0.741811005
-0.761573388,-0.725364114,0.310533439,0.344446895,0.741218928
-0.761492212,-0.725281912,0.310551955,0.345890786,0.740623068
-0.75787086,-0.721614822,0.311376928,0.347338345,0.740022494
-0.749690345,-0.713330982,0.313233085,0.348784954,0.739424122
-0.747454811,-0.711067213,0.313738504,0.350224634,0.738836887
-0.744754822,-0.708333121,0.314347869,0.351665158,0.738249196
-0.74216502,-0.705710609,0.314931265,0.35310592,0.737661955
-0.739562996,-0.70307572,0.315516319,0.354547066,0.737074948
-0.738030909,-0.701524282,0.315860285,0.355988581,0.7364882
-0.730677753,-0.694078252,0.317505719,0.357431879,0.735899608
-0.729044659,-0.692424531,0.31786993,0.358869276,0.735320599
-0.725597378,-0.68893371,0.318637251,0.360308315,0.734739981
-0.719604389,-0.682865025,0.319966345,0.361746601,0.734161308
-0.709727966,-0.672863859,0.322142906,0.363180754,0.733589584
-0.707505698,-0.670613522,0.322630238,0.364605599,0.733032409
-0.704921353,-0.667996535,0.32319584,0.366031279,0.73247488
-0.704700276,-0.667772666,0.323244167,0.367457315,0.7319177
-0.696326654,-0.659293281,0.325067978,0.368886858,0.731356245
-0.69456786,-0.657512273,0.325449384,0.370309039,0.730806447
-0.692049848,-0.654962457,0.325994409,0.371732671,0.730255417
-0.689549778,-0.65243081,0.326534353,0.373156744,0.729704634
-0.689449185,-0.652328946,0.326556053,0.374581284,0.72915406
-0.687837611,-0.650697018,0.32690344,0.376009513,0.728598987
-0.687299037,-0.650151641,0.327019421,0.377439415,0.728042354
-0.684810091,-0.647631259,0.327554685,0.378872441,0.727482031
-0.684010898,-0.646821971,0.3277263,0.380305975,0.72692185
-0.683439767,-0.646243627,0.327848866,0.3817423,0.726358461
-0.680178204,-0.642940869,0.328547578,0.383181735,0.725791386
-0.678025782,-0.64076126,0.329007532,0.384620653,0.725225956
-0.674332661,-0.637021493,0.329794571,0.386060553,0.724659969
-0.672460448,-0.635125633,0.330192512,0.38749935,0.724096491
-0.667720286,-0.630325601,0.331196866,0.388939513,0.723531903
-0.667712721,-0.63031794,0.331198465,0.390377145,0.722971923
-0.663478286,-0.626030023,0.33209177,0.391818684,0.722407116
-0.66005632,-0.622564835,0.332810964,0.39325838,0.721845914
-0.65989173,-0.622398166,0.332845494,0.394697335,0.721286706
-0.658552967,-0.621042494,0.333126151,0.396140001,0.720722971
-0.657951045,-0.620432969,0.333252215,0.397584786,0.720157036
-0.657926093,-0.620407702,0.333257439,0.399032709,0.719587396
-0.656463675,-0.618926813,0.333563396,0.400484575,0.719012856
-0.652408582,-0.614820503,0.334409408,0.401938424,0.71843629
-0.6522936,-0.614704068,0.334433346,0.403390693,0.717862951
-0.651025593,-0.613420046,0.33469714,0.404846809,0.717284845
-0.649337928,-0.611711064,0.335047706,0.406305196,0.716704286
-0.647181432,-0.609527331,0.335494766,0.407765284,0.716122112
-0.643618403,-0.605919299,0.336231208,0.409226429,0.715539273
-0.637437026,-0.599659848,0.337502249,0.410686685,0.714958644
-0.635846078,-0.598048806,0.337828021,0.412142413,0.714385594
-0.634322094,-0.596505573,0.338139554,0.413599976,0.71381076
-0.631903758,-0.594056692,0.338632844,0.415059478,0.713233991
-0.631375988,-0.593522257,0.338740323,0.416519678,0.712657112
-0.62808756,-0.590192294,0.339408592,0.417983219,0.712076227
-0.600657558,-0.562415837,0.344885457,0.419446255,0.711497002
-0.598653937,-0.56038691,0.34527852,0.420874972,0.710968673
-0.597316069,-0.559032144,0.345540436,0.422304886,0.710439623
-0.596314038,-0.558017457,0.345736318,0.423736938,0.709908502
-0.591402668,-0.553044054,0.346692867,0.425171609,0.70937461
-0.591183104,-0.552821716,0.346735491,0.426603404,0.708845862
-0.590057646,-0.551682043,0.34695379,0.428038928,0.708312759
-0.585431204,-0.546997167,0.347847856,0.429476917,0.707777111
-0.581268477,-0.542781863,0.348647738,0.430912431,0.707246036
-0.578849665,-0.5403325,0.349110515,0.432346115,0.706718608
-0.57578797,-0.537232134,0.349694165,0.433780435,0.706191291
-0.569312053,-0.530674424,0.350920769,0.435214481,0.705665395
-0.554309627,-0.515482509,0.353720492,0.436643395,0.705147877
-0.552540673,-0.513691213,0.354046694,0.438055009,0.704655955
-0.545711974,-0.506776264,0.355298062,0.439468127,0.704162999
-0.542861476,-0.503889763,0.355816694,0.440875527,0.703679177
-0.539454633,-0.50043989,0.356433647,0.442282876,0.70319653
-0.539132637,-0.500113826,0.356491794,0.443689377,0.702716181
-0.535270165,-0.496202569,0.357187068,0.445099452,0.702231937
-0.532702792,-0.493602769,0.357646938,0.446508029,0.701750905
-0.532489919,-0.493387208,0.357684986,0.447916965,0.70127049
-0.531605908,-0.492492031,0.357842856,0.449329655,0.700785938
-0.525640593,-0.486451371,0.358902467,0.450745147,0.700298576
-0.521579678,-0.482339165,0.359618089,0.452156109,0.699818682
-0.521189312,-0.481943869,0.359686635,0.453565278,0.699342426
-0.517519043,-0.478227242,0.360328996,0.454977966,0.698862396
-0.514233966,-0.474900673,0.360900687,0.456389427,0.698385217
-0.510805138,-0.471428537,0.361494095,0.457800217,0.697910122
-0.51029274,-0.470909667,0.361582483,0.459210123,0.697437411
-0.509843242,-0.470454492,0.361659957,0.460623392,0.696961171
-0.509652182,-0.470261018,0.36169287,0.462040132,0.696481244
-0.507517602,-0.468099478,0.362059868,0.463460735,0.695997069
-0.506816354,-0.467389373,0.362180145,0.464882372,0.695512598
-0.505358317,-0.46591292,0.362429769,0.46630715,0.695024883
-0.502816701,-0.463339202,0.362863428,0.467733972,0.694535455
-0.499016638,-0.459491143,0.363508284,0.469161252,0.694046538
-0.498032451,-0.458494524,0.363674605,0.47058714,0.693560729
-0.496102334,-0.456540029,0.363999954,0.472015783,0.693072227
-0.493319883,-0.453722435,0.364467038,0.473445795,0.69258297
-0.481027118,-0.441274406,0.366502957,0.474875921,0.69209472
-0.479655814,-0.439885782,0.366727252,0.476292074,0.691627107
-0.477974004,-0.43818273,0.367001556,0.477710394,0.691157692
-0.470637658,-0.430753722,0.368188029,0.479130431,0.690687101
-0.470032883,-0.430141308,0.368285101,0.480543776,0.690226971
-0.468864188,-0.428957852,0.368472367,0.481960433,0.689763492
-0.466845546,-0.426913714,0.368794833,0.483379574,0.689297801
-0.466419097,-0.426481878,0.368862794,0.48479994,0.688831637
-0.464337691,-0.424374184,0.369193692,0.486223921,0.688361695
-0.463595975,-0.423623099,0.369311284,0.487649051,0.687891383
-0.461584605,-0.421586324,0.369629305,0.489077347,0.687417908
-0.460719787,-0.420710584,0.369765656,0.490506913,0.686943894
-0.455532504,-0.415457782,0.370578596,0.491939484,0.686466938
-0.453804041,-0.413707488,0.3708476,0.493368552,0.685996066
-0.453385804,-0.413283968,0.37091255,0.494799326,0.685524069
-0.451303037,-0.411174895,0.37123517,0.496233797,0.685048187
-0.448165363,-0.40799759,0.371718603,0.497669459,0.684571891
-0.443836093,-0.40361364,0.37238049,0.499104716,0.684097397
-0.440922632,-0.400663381,0.37282255,0.500537757,0.683627219
-0.439189522,-0.39890838,0.373084223,0.501970726,0.683158397
-0.438074302,-0.397779074,0.373252093,0.503405421,0.682688452
-0.437820045,-0.397521606,0.37329031,0.504842795,0.682216066
-0.436748337,-0.396436363,0.373451165,0.506284175,0.681739395
-0.435153552,-0.394821434,0.373689844,0.507728329,0.681260139
-0.424663302,-0.384198688,0.375239251,0.509174467,0.680779389
-0.424317621,-0.38384864,0.375289696,0.510608934,0.680316039
-0.413618981,-0.373014871,0.376831483,0.512047282,0.679848631
-0.410381794,-0.369736796,0.377290516,0.513473578,0.679399054
-0.410049693,-0.369400501,0.37733741,0.514899281,0.678951604
-0.40630313,-0.365606618,0.377863886,0.516328878,0.67850016
-0.406071796,-0.365372362,0.377896239,0.517757101,0.678051913
-0.405941727,-0.36524065,0.377914422,0.519189393,0.677599438
-0.404032294,-0.363307099,0.378180697,0.520625932,0.67714248
-0.403176947,-0.362440949,0.378299579,0.52206397,0.676684795
-0.401780936,-0.361027306,0.378493077,0.523505155,0.676224122
-0.399449029,-0.358665946,0.37881483,0.524948659,0.675761595
-0.397271814,-0.356461231,0.379113577,0.526393031,0.675299207
-0.395228983,-0.354392598,0.379392422,0.527838516,0.674836624
-0.394849514,-0.354008336,0.379444063,0.52928533,0.674373554
-0.392388998,-0.351516743,0.379777718,0.530736091,0.673906401
-0.391217052,-0.350329995,0.379935913,0.532187546,0.673439633
-0.390953375,-0.350062987,0.37997144,0.533641726,0.67297046
-0.387326817,-0.346390624,0.380457664,0.535100078,0.672496884
-0.386870847,-0.345928895,0.380518479,0.536557308,0.672026194
-0.38548976,-0.344530364,0.380702243,0.538018429,0.671551494
-0.384879809,-0.343912709,0.380783192,0.539481992,0.671074772
-0.384645423,-0.343675363,0.380814265,0.540949233,0.670594318
-0.382025449,-0.341022297,0.381160306,0.542420766,0.670109271
-0.382008956,-0.341005595,0.381162477,0.543892815,0.669624856
-0.379147563,-0.338108062,0.381537678,0.545369532,0.669135318
-0.375147117,-0.334057088,0.382057481,0.546846396,0.668646922
-0.370704003,-0.329557856,0.382628273,0.548321586,0.668162196
-0.370242441,-0.329090464,0.382687173,0.549794383,0.667682136
-0.369801166,-0.328643616,0.382743414,0.551271168,0.667197938
-0.369181838,-0.328016465,0.382822234,0.552751992,0.666709519
-0.36555109,-0.324339859,0.3832816,0.554236587,0.666217237
-0.365055217,-0.323837722,0.38334398,0.555720116,0.665727799
-0.364693544,-0.323471482,0.383389422,0.557207636,0.665234199
-0.36385881,-0.322626204,0.383494127,0.558699386,0.664736094
-0.362741166,-0.321494444,0.383633934,0.560194618,0.664234511
-0.361599281,-0.320338136,0.383776319,0.56169289,0.663730058
-0.359553162,-0.318266173,0.384030302,0.563194178,0.663222765
-0.358114075,-0.316808911,0.384208048,0.564697024,0.662714663
-0.353993911,-0.312636707,0.384712878,0.566202426,0.662204361
-0.353431749,-0.312067444,0.38478129,0.567706015,0.661697959
-0.349943365,-0.308535,0.385203289,0.569213605,0.661187352
-0.347961856,-0.306528464,0.385441061,0.57072042,0.660679207
-0.347912149,-0.30647813,0.385447007,0.572228929,0.660170082
-0.347450652,-0.306010804,0.385502175,0.573742319,0.659655527
-0.346249448,-0.304794427,0.385645409,0.575259935,0.659136439
-0.345981776,-0.304523374,0.385677257,0.576780578,0.658614488
-0.325669469,-0.283954513,0.388018515,0.578305805,0.658087478
-0.319328417,-0.277533371,0.388718626,0.579802453,0.657601639
-0.317543094,-0.275725498,0.388913077,0.581293549,0.657124881
-0.312292251,-0.270408334,0.389478166,0.582786633,0.656646858
-0.311976108,-0.270088198,0.389511863,0.584275949,0.656175464
-0.311552532,-0.269659272,0.389556954,0.585769702,0.655699472
-0.310886172,-0.268984496,0.389627756,0.587267736,0.655219085
-0.309114445,-0.267190391,0.389815203,0.588769665,0.654734818
-0.309012969,-0.267087633,0.389825904,0.590273659,0.654249185
-0.306765776,-0.264812057,0.390061893,0.591782529,0.653758309
-0.304963638,-0.262987157,0.390249789,0.593292694,0.65326712
-0.303098253,-0.261098212,0.390443004,0.59480491,0.652774579
-0.302302751,-0.260292662,0.390525007,0.596319081,0.652280819
-0.30224973,-0.260238972,0.390530464,0.597837023,0.651783331
-0.297790879,-0.255723803,0.39098563,0.599360013,0.651280337
-0.291837363,-0.249695091,0.391581756,0.600880607,0.650782136
-0.290397101,-0.248236638,0.391723967,0.602396258,0.650292247
-0.286887192,-0.244682397,0.392067258,0.603914614,0.649800137
-0.280355495,-0.238068201,0.392693695,0.605432164,0.649310646
-0.276432845,-0.234096006,0.393062122,0.606943747,0.648830861
-0.275670535,-0.233324068,0.393133041,0.608453792,0.648354716
-0.268003371,-0.225560064,0.393833988,0.609967704,0.64787483
-0.267733537,-0.225286822,0.393858247,0.611473657,0.647407348
-0.267594746,-0.225146278,0.393870713,0.612984323,0.646935019
-0.263937349,-0.221442686,0.394196576,0.614499949,0.646457487
-0.261645446,-0.219121835,0.394398157,0.616014496,0.645982993
-0.259576982,-0.217027245,0.394578351,0.617530317,0.645508335
-0.258572632,-0.21601021,0.394665249,0.619047803,0.645032983
-0.24945858,-0.206781043,0.395435995,0.620568809,0.64455441
-0.24201983,-0.199248338,0.396041178,0.622079274,0.644091759
-0.241337791,-0.198557685,0.396095587,0.623582055,0.643641096
-0.239379178,-0.196574333,0.396250825,0.625088884,0.643186611
-0.23792173,-0.195098477,0.396365368,0.626597554,0.642731275
-0.234215801,-0.191345741,0.396652881,0.628108951,0.642273895
-0.233466662,-0.190587139,0.396710348,0.629619152,0.641819768
-0.224258934,-0.181263113,0.39739867,0.631133338,0.641361917
-0.222675101,-0.179659275,0.397513706,0.632636663,0.640920312
-0.222605681,-0.179588979,0.397518725,0.634142494,0.64047703
-0.22247701,-0.179458683,0.397528023,0.635653514,0.64002847
-0.219541028,-0.176485618,0.39773842,0.637169645,0.639574717
-0.21694957,-0.173861428,0.397921298,0.638685947,0.639122411
-0.216731471,-0.173640574,0.397936568,0.640203032,0.638670737
-0.214166656,-0.171043365,0.398114728,0.641725118,0.638214025
-0.21274028,-0.169598973,0.39821268,0.643248057,0.637757854
-0.212523045,-0.169378994,0.398227527,0.644773883,0.637299489
-0.208298756,-0.16510135,0.398512519,0.64630477,0.636835995
-0.206903676,-0.16368865,0.39860508,0.647833578,0.636377001
-0.205158264,-0.161921192,0.398719796,0.649365365,0.635915699
-0.202896841,-0.159631206,0.398866622,0.650899519,0.635452916
-0.198398897,-0.155076451,0.399152595,0.652435124,0.634989888
-0.193176702,-0.149788297,0.399474476,0.653968158,0.634532041
-0.190653494,-0.147233219,0.399626088,0.6554973,0.634081151
-0.18718385,-0.143719752,0.3998304,0.65702741,0.633630711
-0.185053671,-0.141562668,0.399953442,0.658556779,0.633183019
-0.182244784,-0.138718303,0.4001129,0.660087832,0.632734836
-0.179924836,-0.136369053,0.400242207,0.661619346,0.632287806
-0.178589092,-0.135016438,0.400315674,0.663152213,0.631840745
-0.175316402,-0.131702413,0.400492635,0.664688238,0.631391245
-0.171546331,-0.127884724,0.400691133,0.666223895,0.630944021
-0.159573438,-0.115760607,0.401283388,0.667758273,0.630500297
-0.157667016,-0.113830106,0.401372327,0.669276313,0.630080027
-0.155010093,-0.111139625,0.401493816,0.670796429,0.629658864
-0.152774424,-0.108875718,0.40159382,0.672317251,0.62923862
-0.151357208,-0.107440603,0.40165616,0.673839561,0.628818274
-0.14963454,-0.105696176,0.401730835,0.675364878,0.628395829
-0.144566817,-0.100564445,0.401943502,0.676892655,0.627972009
-0.143579512,-0.09956467,0.401983715,0.678416698,0.62755497
-0.135949701,-0.09183849,0.402281055,0.679944572,0.627134784
-0.13370156,-0.089561954,0.402364128,0.681463929,0.626727646
-0.132988422,-0.08883981,0.402390047,0.68298476,0.626320494
-0.132880578,-0.088730603,0.402393949,0.684509943,0.625909573
-0.13190864,-0.087746389,0.402428896,0.686040637,0.625493356
-0.131054012,-0.086880966,0.402459306,0.687575251,0.625073916
-0.130106954,-0.085921947,0.402492656,0.689114028,0.624650928
-0.118164045,-0.073828193,0.402881647,0.690656817,0.624224585
-0.117474546,-0.073129986,0.402902317,0.692182894,0.623822037
-0.1162297,-0.071869417,0.40293914,0.693713437,0.623415638
-0.116103939,-0.071742067,0.402942825,0.695247421,0.623006721
-0.115107468,-0.070733011,0.402971791,0.696786987,0.622592482
-0.114775325,-0.070396672,0.402981355,0.698330512,0.622175033
-0.112465983,-0.068058161,0.403046598,0.699879285,0.621752678
-0.110540657,-0.066108518,0.403099316,0.701429563,0.621330321
-0.110489405,-0.066056619,0.403100698,0.702982087,0.620906995
-0.110389299,-0.065955248,0.403103395,0.704540461,0.620477968
-0.109882779,-0.065442331,0.403116979,0.706104626,0.6200433
-0.107305276,-0.062832273,0.403184468,0.707673833,0.619603958
-0.104343491,-0.059833079,0.40325864,0.70924412,0.619165171
-0.103218852,-0.058694235,0.403285857,0.710814752,0.61872792
-0.101697275,-0.057153439,0.403321852,0.712389285,0.618287518
-0.101281486,-0.056732399,0.403331521,0.713966973,0.617844951
-0.098452524,-0.053867706,0.403395421,0.715549979,0.61739735
-0.09815039,-0.053561755,0.403402051,0.717133642,0.616950887
-0.090382007,-0.045695255,0.403559571,0.718722889,0.616499037
-0.085930767,-0.041187793,0.4036386,0.720303172,0.616061054
-0.077854756,-0.033009778,0.40376108,0.72188093,0.615628436
-0.074804983,-0.029921484,0.403800318,0.723449039,0.615210505
-0.074667978,-0.02978275,0.40380199,0.725017318,0.614794436
-0.073924666,-0.029030049,0.403810928,0.726591501,0.61437276
-0.072287008,-0.027371706,0.403829813,0.728170429,0.613946978
-0.069641578,-0.024692864,0.403857976,0.729752361,0.613519361
-0.068241605,-0.023275208,0.403871708,0.731335319,0.613092501
-0.067275609,-0.022297011,0.40388071,0.732921781,0.612663165
-0.067134155,-0.02215377,0.403881996,0.734512631,0.612230193
-0.061626402,-0.016576452,0.40392562,0.736109537,0.611791386
-0.058586551,-0.013498206,0.403944317,0.737701824,0.611360754
-0.057469518,-0.012367065,0.403950226,0.739294401,0.610931879
-0.05613302,-0.011013686,0.403956617,0.740891122,0.610499725
-0.055352548,-0.010223356,0.403960008,0.742491572,0.610064835
-0.052567296,-0.007402925,0.403970049,0.744096892,0.609625709
-0.050603541,-0.005414367,0.403975197,0.74570307,0.609187611
-0.050084094,-0.004888359,0.403976292,0.74731177,0.608748367
-0.045703961,-0.000452902,0.403981077,0.748925932,0.608304118
-0.044595426,0.000669633,0.403981028,0.750537757,0.607865108
-0.042257152,0.003037442,0.403979255,0.752153882,0.607422643
-0.042171451,0.003124225,0.403979147,0.753771827,0.606979976
-0.041400812,0.003904598,0.403978039,0.755396201,0.606531053
-0.039282818,0.006049342,0.403973727,0.757025642,0.606077648
-0.035768072,0.009608482,0.403962471,0.758657422,0.605623357
-0.035095177,0.010289876,0.403959732,0.760288686,0.605171951
-0.034242281,0.011153545,0.403955991,0.761925278,0.604715738
-0.028182228,0.017290138,0.403920738,0.763566861,0.604255151
-0.026192237,0.019305264,0.403905845,0.765202706,0.603804353
-0.024326124,0.021194947,0.403890389,0.766841205,0.603352306
-0.023423105,0.022109372,0.403882393,0.768482631,0.602898657
-0.017020414,0.028592932,0.403816014,0.770129005,0.602440744
-0.015682112,0.029948138,0.403799996,0.771768899,0.601993614
-0.014857703,0.030782959,0.403789759,0.773412847,0.601543446
-0.011145612,0.034541936,0.403740186,0.775061949,0.60108879
-0.001385043,0.044425786,0.403582656,0.776710182,0.600637565
0.003770889,0.049646839,0.403483557,0.778344836,0.600206397
0.005292646,0.051187817,0.403452211,0.779975518,0.599782729
0.008627899,0.054565196,0.403380167,0.78160987,0.599356665
0.010349315,0.056308354,0.403341188,0.783244082,0.598933152
0.010500021,0.056460963,0.403337718,0.784881571,0.598507774
0.0114989,0.057472459,0.403314477,0.786525693,0.598076176
0.012231984,0.058214802,0.40329716,0.788174686,0.597640632
0.017479159,0.063528251,0.403166739,0.789829148,0.597200355
0.019279385,0.065351215,0.403119381,0.791479469,0.596767862
0.020334182,0.066419335,0.403091013,0.793133002,0.596333609
0.021062021,0.067156367,0.403071172,0.794791368,0.595895493
0.021351224,0.067449222,0.403063227,0.796455303,0.595452549
0.022959756,0.069078071,0.403018413,0.798125785,0.595003481
0.024612125,0.070751311,0.402971269,0.79980001,0.594551948
0.025405208,0.071554411,0.402948243,0.801477906,0.594098044
0.030601824,0.076816663,0.402790969,0.803161361,0.593639293
0.031830558,0.078060916,0.402752161,0.804840838,0.593188194
0.032808748,0.07905146,0.402720822,0.806524956,0.592733488
0.037005722,0.083301445,0.402581908,0.808214293,0.592274414
0.038630552,0.084946797,0.402526189,0.809901839,0.591820156
0.039766735,0.08609733,0.402486584,0.811593224,0.591363365
0.045134015,0.091532402,0.402292345,0.813289546,0.5909026
0.045758517,0.092164792,0.402268979,0.814981518,0.590450025
0.049494982,0.09594845,0.402125845,0.816679582,0.589992009
0.050954277,0.097426177,0.402068395,0.818376893,0.589537501
0.051574943,0.098054682,0.402043696,0.820078495,0.589079924
0.051945396,0.098429814,0.40202888,0.821786281,0.588616797
0.052165079,0.098652272,0.402020067,0.823500849,0.588147317
0.056165342,0.10270306,0.401856147,0.82522258,0.587670958
0.058925589,0.105498171,0.401739235,0.826943066,0.587198785
0.059894683,0.106479505,0.401697452,0.828665079,0.586727169
0.063261994,0.109889346,0.401549296,0.830392653,0.586250813
0.064856106,0.111503593,0.401477549,0.832120424,0.585776774
0.066517222,0.11318569,0.401401687,0.833852398,0.585299801
0.074586407,0.121356792,0.401017234,0.83558845,0.584820055
0.078260175,0.125076962,0.400833455,0.837314079,0.584356592
0.087551241,0.134485379,0.400344322,0.839039201,0.583896431
0.088422087,0.135367224,0.40029669,0.840751019,0.58345621
0.093953229,0.140968227,0.399987029,0.842468665,0.583011145
0.0941923,0.141210318,0.399973367,0.844181515,0.582574983
0.094351589,0.141371619,0.399964252,0.845901673,0.582132111
0.096321356,0.143366264,0.399850688,0.847629375,0.581682199
0.097400166,0.144458701,0.39978783,0.849360499,0.581230578
0.097724968,0.144787604,0.399768814,0.851097128,0.580774547
0.097896145,0.144960944,0.399758775,0.852841045,0.580311774
0.099454457,0.146538938,0.399666844,0.854592658,0.579841703
0.115147873,0.16243057,0.398686859,0.856348793,0.579368462
0.121675016,0.169040154,0.39825036,0.858076534,0.578934796
0.123721914,0.171112905,0.398109991,0.859797098,0.578513153
0.126912093,0.174343377,0.397887911,0.861520928,0.578090193
0.128982911,0.176440351,0.397741597,0.863245362,0.577669326
0.141953163,0.189574424,0.396786721,0.864973038,0.577247201
0.142061805,0.189684438,0.396778443,0.866678274,0.576856415
0.144043571,0.191691235,0.396626636,0.868391315,0.576458742
0.148449581,0.196152895,0.396283618,0.870107779,0.576059702
0.154947426,0.20273281,0.395763909,0.871821931,0.575666539
0.156348969,0.204152056,0.395649655,0.873528775,0.575285531
0.156506538,0.204311615,0.395636762,0.875240422,0.574901527
0.156703855,0.204511424,0.395620603,0.876959881,0.574510747
0.160928168,0.208789093,0.395271036,0.878687113,0.574113219
0.163928572,0.211827393,0.395018547,0.880412495,0.573721049
0.164227755,0.212130355,0.394993179,0.882138963,0.573330571
0.166673495,0.214606986,0.394784506,0.883873048,0.57293359
0.172504416,0.220511555,0.394277694,0.885609608,0.572536568
0.175818953,0.223867956,0.393983768,0.887340446,0.572149813
0.177426142,0.225495444,0.393839727,0.889071642,0.571765726
0.178792866,0.22687943,0.393716459,0.890807363,0.571379115
0.181338429,0.229457145,0.393484961,0.89254823,0.570989208
0.183339199,0.231483186,0.39330127,0.894291391,0.570599583
0.183925494,0.232076886,0.393247152,0.896038202,0.570208556
0.188778597,0.236991286,0.392794159,0.897792174,0.569811734
0.190311558,0.238543609,0.392649208,0.899542825,0.56942226
0.192753849,0.241016747,0.392416433,0.901298348,0.569029902
0.194292938,0.242575276,0.39226858,0.903056523,0.568637447
0.195069697,0.243361846,0.39219362,0.904819616,0.568242072
0.196557401,0.24486834,0.392049414,0.906589566,0.567841349
0.19796729,0.246296037,0.391911979,0.908364647,0.567437437
0.199300197,0.247645779,0.391781358,0.910145091,0.567030047
0.205332564,0.253754338,0.391181837,0.911931134,0.566618885
0.208274978,0.256733916,0.390884449,0.913710979,0.566218795
0.211497013,0.259996647,0.390555081,0.915492383,0.565820068
0.213480049,0.262004729,0.390350441,0.91727465,0.565423595
0.219509556,0.268110392,0.389719227,0.919060931,0.565025455
0.220507656,0.269121098,0.389613436,0.920840959,0.56463848
0.223843563,0.27249914,0.389257177,0.922627524,0.564246764
0.225581664,0.274259193,0.389069927,0.924414695,0.563857698
0.225608654,0.274286525,0.38906701,0.926206575,0.563466198
0.227392775,0.27609318,0.388873625,0.928007598,0.56306673
0.232181036,0.280941919,0.388348821,0.929813306,0.562664851
0.234821526,0.28361576,0.388055818,0.931615973,0.562270224
0.238103148,0.28693883,0.387688117,0.93342114,0.561875968
0.23958276,0.28843713,0.387521043,0.935227161,0.561484151
0.24078751,0.289657097,0.387384416,0.937038735,0.561088946
0.242117961,0.291004352,0.38723292,0.938856623,0.560689405
0.244443456,0.29335922,0.386966577,0.940680547,0.560285879
0.246147789,0.295085079,0.38677013,0.942507941,0.559881573
0.251484415,0.300489109,0.386148221,0.944340467,0.559474427
0.252496627,0.301514106,0.386029103,0.946168584,0.559076367
0.25871644,0.307812479,0.385289068,0.948003695,0.558673209
0.265687975,0.314872067,0.384443153,0.949832043,0.558282087
0.267050869,0.316252176,0.38427576,0.951651575,0.557905522
0.269904355,0.319141702,0.38392316,0.953477177,0.557525176
0.271170185,0.32042352,0.383765821,0.955304911,0.557145913
0.274516358,0.323811957,0.383347178,0.957139053,0.556762483
0.275600674,0.324909969,0.383210672,0.95897406,0.55638173
0.276871906,0.326197257,0.38305011,0.960816037,0.555996149
0.279095764,0.328449204,0.382767862,0.962664534,0.555606292
0.279924599,0.329288507,0.382662225,0.964517024,0.555215291
0.280441705,0.329812145,0.382596196,0.96637733,0.554818425
0.284279671,0.333698586,0.382103215,0.968246364,0.554414547
0.286343689,0.335788673,0.381835972,0.970115126,0.554014837
0.286904488,0.336356555,0.381763106,0.971988472,0.553613297
0.289120505,0.338600562,0.381474104,0.973870571,0.553204755
0.296733172,0.346309381,0.38046837,0.975756935,0.552794789
0.298238174,0.347833392,0.380267178,0.977632691,0.552401871
0.302471898,0.352120589,0.379697045,0.97951467,0.552005208
0.303603904,0.353266894,0.379543567,0.981395345,0.551614116
0.308331246,0.358053944,0.378897919,0.983283343,0.551217973
0.308751242,0.358479245,0.378840191,0.985168684,0.550829108
0.311447072,0.361209124,0.378468227,0.987063411,0.550432705
0.313067702,0.362850223,0.378243436,0.98896121,0.550036553
0.314817205,0.364621823,0.377999776,0.990865135,0.5496369
0.316942612,0.366774076,0.377702379,0.992774875,0.54923414
0.317160626,0.366994844,0.377671788,0.994689414,0.548829541
0.317218215,0.36705316,0.377663705,0.996614212,0.548416345
0.318727653,0.368581663,0.377451438,0.998549813,0.54799384
0.324869616,0.374801202,0.376579873,1.000492162,0.547567056
0.326962595,0.376920617,0.376280007,1.002428043,0.547152463
0.329622982,0.379614605,0.375896754,1.004369036,0.546735715
0.330035115,0.380031943,0.375837174,1.006313549,0.546318805
0.330576756,0.380580426,0.375758786,1.008268111,0.545893634
0.333674327,0.383717121,0.375308639,1.010232433,0.545460534
0.338904125,0.389012974,0.374541493,1.012199172,0.545028667
0.339964984,0.390087232,0.374384789,1.014162131,0.544605779
0.349654457,0.399899088,0.372936625,1.016133468,0.544176783
0.351780111,0.402051589,0.372614883,1.018087952,0.543772978
0.352816606,0.403101177,0.372457472,1.020047681,0.543367099
0.354757693,0.40506678,0.372161758,1.022015914,0.542955137
0.355481793,0.405800025,0.372051137,1.023990051,0.542540305
0.356292817,0.406621294,0.371927039,1.025973755,0.542118076
0.356366397,0.406695803,0.371915769,1.027966853,0.541688646
0.3595044,0.40987344,0.371433566,1.029971631,0.541249148
0.364481249,0.414913149,0.370662402,1.031979017,0.540810874
0.365848788,0.416297961,0.370449134,1.033983515,0.540380696
0.367544896,0.418015492,0.370183809,1.035995969,0.539945174
0.370055888,0.420558199,0.369789358,1.038015459,0.539505456
0.370825001,0.421337026,0.369668144,1.040039579,0.539064548
0.376425531,0.427008294,0.36877994,1.042073666,0.538615812
0.376876521,0.427464979,0.368707994,1.044103081,0.538177509
0.37816252,0.428767221,0.368502492,1.046143529,0.537730127
0.379151736,0.429768931,0.36834407,1.04819255,0.537276709
0.379235534,0.429853788,0.368330636,1.050251138,0.536816009
0.38273243,0.433394852,0.367768106,1.052322173,0.536344382
0.386902498,0.43761759,0.367092391,1.054395207,0.535874951
0.387280475,0.438000341,0.367030882,1.056468165,0.53541035
0.390093323,0.440848716,0.366571776,1.058552862,0.534935787
0.393062934,0.443855835,0.366084485,1.060641798,0.534460676
0.396006713,0.446836795,0.365598808,1.062734522,0.533985613
0.396086585,0.446917676,0.365585594,1.06483115,0.53351048
0.399046346,0.44991482,0.365094589,1.066940755,0.533023879
0.400157208,0.451039714,0.364909628,1.069054345,0.532537124
0.401499055,0.452398509,0.364685718,1.071177828,0.532042781
0.401989363,0.45289501,0.364603767,1.073310562,0.531541647
0.402341641,0.453251737,0.364544844,1.075455359,0.531030142
0.40326454,0.454186293,0.3643903,1.077612774,0.530507508
0.404761812,0.455702476,0.364139038,1.079781097,0.52997589
0.40520408,0.45615033,0.364064693,1.081958578,0.5294375
0.406415494,0.457377044,0.363860757,1.084148722,0.528887824
0.407461836,0.458436603,0.363684263,1.086349155,0.528329875
0.410598502,0.461612886,0.363153247,1.088560514,0.527762805
0.41287082,0.463913905,0.362766757,1.090776076,0.527195302
0.416050046,0.467133286,0.362223486,1.092998716,0.526623674
0.417318821,0.468418086,0.362005856,1.095225521,0.526051708
0.422628622,0.473794952,0.361090028,1.097462837,0.525471208
0.426258731,0.477470911,0.360459247,1.099697388,0.524899382
0.428331871,0.479570236,0.360097322,1.101934725,0.5243291
0.433107953,0.484406643,0.35925888,1.104180068,0.523753651
0.439042958,0.490416609,0.358208033,1.106424456,0.523184635
0.439391701,0.490769758,0.358145978,1.108663992,0.52262711
0.441032907,0.492431693,0.357853489,1.110917434,0.522056996
0.443863233,0.495297767,0.357347323,1.113180557,0.521479696
0.445393251,0.49684711,0.357072776,1.115449429,0.520900295
0.448195284,0.499684534,0.356568306,1.117728532,0.520313013
0.4497121,0.501220508,0.356294324,1.120013628,0.519723337
0.450934462,0.502458309,0.356073071,1.122309182,0.519125495
0.452489093,0.504032575,0.355791086,1.124616311,0.518518012
0.453781913,0.505341724,0.355556089,1.126933991,0.517902199
0.457415606,0.509021313,0.354893162,1.129263237,0.517276707
0.462782256,0.514455746,0.353907572,1.131596042,0.516652009
0.463130329,0.514808216,0.353843382,1.133926403,0.516035987
0.46566244,0.517372308,0.353375449,1.136271844,0.51540581
0.466166426,0.51788266,0.35328211,1.138624859,0.514771255
0.468385234,0.520129493,0.352870381,1.140992671,0.514122842
0.470433145,0.52220327,0.35248921,1.143369376,0.513468288
0.47224715,0.524040187,0.352150655,1.145755674,0.512806671
0.476898369,0.528750153,0.351278648,1.148152502,0.512136747
0.481115126,0.53302017,0.350483241,1.150549838,0.511471775
0.481481474,0.533391145,0.35041392,1.152949246,0.510809743
0.493741777,0.545806302,0.348074271,1.155364597,0.510132361
0.493836776,0.545902501,0.348055994,1.157753127,0.509495976
0.496000946,0.548094005,0.347639012,1.160158621,0.508843234
0.498052405,0.550171375,0.347242669,1.16257374,0.508183705
0.498690275,0.550817301,0.347119219,1.164999,0.507516706
0.507238951,0.559473952,0.345455069,1.167439692,0.506835235
0.520040615,0.572437306,0.342929849,1.1698669,0.506177428
0.521064876,0.573474505,0.342726117,1.172264783,0.505563829
0.521303748,0.573716394,0.342678569,1.174676635,0.504938291
0.523276661,0.575714225,0.342285336,1.17710553,0.504296751
0.523891024,0.576336348,0.342162697,1.17954519,0.503647333
0.527004208,0.579488854,0.341539888,1.182000824,0.502983196
0.528943618,0.58145276,0.341150758,1.184463217,0.502316385
0.529045238,0.581555663,0.341130344,1.186936876,0.501641006
0.539249191,0.591888497,0.339068497,1.18942889,0.500947678
0.543311891,0.596002511,0.338240995,1.191901056,0.500286691
0.553132064,0.605946717,0.336225622,1.194376587,0.499627682
0.555786964,0.60863515,0.335677127,1.196833463,0.498999349
0.564008535,0.616960563,0.333968932,1.199299026,0.498366327
0.567290278,0.620283756,0.333283064,1.201751885,0.497756274
0.576590817,0.629701765,0.33132706,1.204211039,0.497144828
0.578521498,0.631656832,0.330918779,1.206653141,0.496561914
0.582224591,0.635406698,0.330133562,1.20910678,0.495971162
0.58295368,0.636144995,0.329978636,1.211565141,0.495381278
0.587259379,0.640505077,0.329061533,1.21403999,0.494777288
0.589879821,0.643158616,0.328501577,1.216517383,0.494176998
0.605120084,0.658591372,0.325218363,1.21900404,0.493571888
0.606319524,0.659805961,0.324958079,1.221449793,0.4930256
0.608843834,0.662362155,0.32440941,1.223910314,0.492468015
0.610379379,0.663917094,0.32407507,1.226380461,0.491905592
0.611927193,0.665484457,0.323737615,1.228864336,0.491333178
0.61407937,0.667663818,0.323267661,1.231362057,0.490750611
0.616886554,0.670506458,0.322653401,1.233871337,0.490160777
0.620358298,0.674022052,0.32189174,1.236389642,0.489566909
0.625231451,0.678956755,0.320818968,1.23891436,0.488972363
0.635031437,0.68888052,0.318648927,1.241439805,0.488384411
0.640131526,0.694045025,0.317513041,1.243945624,0.48782874
0.643314465,0.697268167,0.316801911,1.246451077,0.487281248
0.645055273,0.699030962,0.316412264,1.248964146,0.486732054
0.653618595,0.707702443,0.314488266,1.251490962,0.486173544
0.655263731,0.709368357,0.314117276,1.25400303,0.485641291
0.666383082,0.720628152,0.311598554,1.256529356,0.485099359
0.67057045,0.724868408,0.310645079,1.259029976,0.484597219
0.672294757,0.726614494,0.310251677,1.261534059,0.484099044
0.676433295,0.730805304,0.309305649,1.264052176,0.483591953
0.676460732,0.730833088,0.309299369,1.266574145,0.483088467
0.676908035,0.73128604,0.309196966,1.269117738,0.482566827
0.679974844,0.734391584,0.308494076,1.271681416,0.482028824
0.681594518,0.736031716,0.308122305,1.274254053,0.481488196
0.684501107,0.738975016,0.307454191,1.276842086,0.48093701
0.689818165,0.744359231,0.306228884,1.279440073,0.480382035
0.690429024,0.744977806,0.306087857,1.282037526,0.479836351
0.691538751,0.746101549,0.305831525,1.284655263,0.479274226
0.693773153,0.748364172,0.305314891,1.287291337,0.478698014
0.694749144,0.749352491,0.305089008,1.289940971,0.478113653
0.698457149,0.75310733,0.304229641,1.292609993,0.477513843
0.699380484,0.754042327,0.30401536,1.295286357,0.476913695
0.706573168,0.761325858,0.302342236,1.297982764,0.476297291
0.71998373,0.774905802,0.299204905,1.300670989,0.475700151
0.720033759,0.774956463,0.299193159,1.303322529,0.475157682
0.723100494,0.778061932,0.298472546,1.305998166,0.474594782
0.724368505,0.779345959,0.298174259,1.30868433,0.474028195
0.729090562,0.784127658,0.297061756,1.311389496,0.473447445
0.747188334,0.802454014,0.292774275,1.314097863,0.472872188
0.755395696,0.810765038,0.290818153,1.316746973,0.472379088
0.755740289,0.811113984,0.29073587,1.319382425,0.471912267
0.761037725,0.81647833,0.289469434,1.322041114,0.471427503
0.766663182,0.822174838,0.288121541,1.324699898,0.470952654
0.767902408,0.823429716,0.287824204,1.327357216,0.4704897
0.771405949,0.826977509,0.286982788,1.330034033,0.470013652
0.771790551,0.827366969,0.286890351,1.332719745,0.469537256
0.772694837,0.828282677,0.286672957,1.335429548,0.469042311
0.773252977,0.828847866,0.286538741,1.33816127,0.468531356
0.777490356,0.833138765,0.285518847,1.34091692,0.468001888
0.781198102,0.836893342,0.284625109,1.343678815,0.467475406
0.784957521,0.840700244,0.283717689,1.346449656,0.466948742
0.785803827,0.841557239,0.283513246,1.34922932,0.466422148
0.786327962,0.842087995,0.283386601,1.352032432,0.465877913
0.796672108,0.852562793,0.280882514,1.354860954,0.465313556
0.800297949,0.85623443,0.280002755,1.357665923,0.464788883
0.800564803,0.856504654,0.279937966,1.360480913,0.464263271
0.802456396,0.858420138,0.279478558,1.363323127,0.463715905
0.812674042,0.868766839,0.276992445,1.366184692,0.463156294
0.814519822,0.870635932,0.276542544,1.369023208,0.462636086
0.820247837,0.876436295,0.275144895,1.371881473,0.462103648
0.820321797,0.876511189,0.275126835,1.374739678,0.461582995
0.821405937,0.877609022,0.274862052,1.377627271,0.461038671
0.821585712,0.877791067,0.274818138,1.380539425,0.460476408
0.823504154,0.87973374,0.274349383,1.383481287,0.459889829
0.829986159,0.886297616,0.272763852,1.386444129,0.459289531
0.841631264,0.898089805,0.269909169,1.389404011,0.458704987
0.844362976,0.90085602,0.269238433,1.392333277,0.458169923
0.852551939,0.909148414,0.26722546,1.395279354,0.457627101
0.856830612,0.913481128,0.26617241,1.398213016,0.457111852
0.857923924,0.914588249,0.265903193,1.401155312,0.456599101
0.862596011,0.919319347,0.264752151,1.404123789,0.456067931
0.863519658,0.92025466,0.264524486,1.407099217,0.455541477
0.8640523,0.92079403,0.264393181,1.410102419,0.454994832
0.864436199,0.921182777,0.264298537,1.41313603,0.454424716
0.865652923,0.922414869,0.263998533,1.416201392,0.453829355
0.867276629,0.924059083,0.263598087,1.419294361,0.453213674
0.867407411,0.924191517,0.263565828,1.422413106,0.45257986
0.868963487,0.925767247,0.263181956,1.425566547,0.451916804
0.875832762,0.932723284,0.26148627,1.428747136,0.451233701
0.880178912,0.937124328,0.260412558,1.431924805,0.450567985
0.895260273,0.952396174,0.256682241,1.435114087,0.449901849
0.895555986,0.952695622,0.256609036,1.438252772,0.449311828
0.900826487,0.958032692,0.255303956,1.441426438,0.44869372
0.906044658,0.963316772,0.254011245,1.444606438,0.448082448
0.910178908,0.967503239,0.252986691,1.447793194,0.447477698
0.920858824,0.978318048,0.25033876,1.450993279,0.446871676
0.922206672,0.979682919,0.250004478,1.454167736,0.44631167
0.929505111,0.987073542,0.248194088,1.457372321,0.445730823
0.930408496,0.987988337,0.247969973,1.460571516,0.445171945
0.931848374,0.989446401,0.247612754,1.463804218,0.444588562
0.936398544,0.994054042,0.246483837,1.467067751,0.443983804
0.936445726,0.99410182,0.24647213,1.470343486,0.443380254
0.936742464,0.994402306,0.246398506,1.473659622,0.442743836
0.938092541,0.995769435,0.24606353,1.477015354,0.442075259
0.940917615,0.998630191,0.245362574,1.480404805,0.441381537
0.942468119,1.000200279,0.244977861,1.483819281,0.440673356
0.943046087,1.000785547,0.244834454,1.487267378,0.439940077
0.943260725,1.001002896,0.244781198,1.490755976,0.439172968
0.944479487,1.002237051,0.244478797,1.494288203,0.438367796
0.947251968,1.00504455,0.243790894,1.49785839,0.43753141
0.949246474,1.007064247,0.243296032,1.501457125,0.436675633
0.949420807,1.007240783,0.243252778,1.505090089,0.435793178
0.950088418,1.007916826,0.243087139,1.508770018,0.434867463
0.960693398,1.018655753,0.2404563,1.512494562,0.43390107
0.96744615,1.025493795,0.238781612,1.516197926,0.432979328
0.968882639,1.026948427,0.238425431,1.519905708,0.432069529
0.969396708,1.027468989,0.238297973,1.523654164,0.43112522
0.972535789,1.030647719,0.237519751,1.527450448,0.430136803
0.976639036,1.034802792,0.236502725,1.531277446,0.429126277
0.978737984,1.03692825,0.235982593,1.535129102,0.428101583
0.994394391,1.052782406,0.23210567,1.539019949,0.427043654
0.997117981,1.055540395,0.231431834,1.54285534,0.426076495
1.011842433,1.070450825,0.227792621,1.546725818,0.425082889
1.017020991,1.075694791,0.226514395,1.550546413,0.424172669
1.020172712,1.078886319,0.22573693,1.554384726,0.42325964
1.021790586,1.080524627,0.225337979,1.558255827,0.422324756
1.028935493,1.087759778,0.223577358,1.562171632,0.421352668
1.029438829,1.088269472,0.223453406,1.566092486,0.420394401
1.030438267,1.089281534,0.223207317,1.570067698,0.419386685
1.034409886,1.093303316,0.22222982,1.574094783,0.418332193
1.047972156,1.107036884,0.21889733,1.578152565,0.417258303
1.054451727,1.113598295,0.217308404,1.582169083,0.416258986
1.064585136,1.123859694,0.214828027,1.58619746,0.415266001
1.068509399,1.127833523,0.21386905,1.590209862,0.414315428
1.077743806,1.137184565,0.211616098,1.594254052,0.413346736
1.078197304,1.13764379,0.211505593,1.598289288,0.412412148
1.079194728,1.138653813,0.211262595,1.602384501,0.411424302
1.079618592,1.13908303,0.211159351,1.6065368,0.410386301
1.081376034,1.14086267,0.210731397,1.610752146,0.409289811
1.081935218,1.141428917,0.210595273,1.615021308,0.408146231
1.090749734,1.150354764,0.208452271,1.619355341,0.406940406
1.094638375,1.15429252,0.207508547,1.623688174,0.405759629
1.096346846,1.15602257,0.207094259,1.628060487,0.404550566
1.099659596,1.159377162,0.206291546,1.632491434,0.40328758
1.100284338,1.160009795,0.206140253,1.636969012,0.401986258
1.117016288,1.176953078,0.202099241,1.641517187,0.400613812
1.124419185,1.184449476,0.200318352,1.646000101,0.399353404
1.126635922,1.186694212,0.199785954,1.650496488,0.398100408
1.128594065,1.188677087,0.199316005,1.655051797,0.396794572
1.13307988,1.19321956,0.198240647,1.659669848,0.395430172
1.136891363,1.197079184,0.197328303,1.664329936,0.39403472
1.139400685,1.1996202,0.196728347,1.669039209,0.392598425
1.141101867,1.201342869,0.196321927,1.673810727,0.391103066
1.152331565,1.212714404,0.193645667,1.678653535,0.389535343
1.15418403,1.214590267,0.193205305,1.683482177,0.388013246
1.178779571,1.239496461,0.187390074,1.688383086,0.386417908
1.181378601,1.242128319,0.186779123,1.693145735,0.385038454
1.188029792,1.248863517,0.18521885,1.697973727,0.383599647
1.202379849,1.263394822,0.181868683,1.702830336,0.382150959
1.21114529,1.272270975,0.1798335,1.70764236,0.380791639
1.22244507,1.283713477,0.177222852,1.71246272,0.379451765
1.224870564,1.286169606,0.176664422,1.717266815,0.378164667
1.230290681,1.291658182,0.175419055,1.722142025,0.376815677
1.243319384,1.304851444,0.172440025,1.727060538,0.375441404
1.265077838,1.326884718,0.167512272,1.731946813,0.374142548
1.276075346,1.33802113,0.165044951,1.736710782,0.373035867
1.285984007,1.348054942,0.162835759,1.741459601,0.371984208
1.297825267,1.360045763,0.160213276,1.746204138,0.370974776
1.297845791,1.360066546,0.160208747,1.750923916,0.370033885
1.298021972,1.360244953,0.160169876,1.755743896,0.369007584
1.301428072,1.363694073,0.159419227,1.760665637,0.367892521
1.30184623,1.364117512,0.159327184,1.76565735,0.366728032
1.312470367,1.374875838,0.156996946,1.770754175,0.365468575
1.319136876,1.381626549,0.155542994,1.775846217,0.364255397
1.325014053,1.387577957,0.154266534,1.780977783,0.363032844
1.326385897,1.388967128,0.15396931,1.786159189,0.361788422
1.326461642,1.38904383,0.153952907,1.79144394,0.360453263
1.327782696,1.390381569,0.153666964,1.79685071,0.359001248
1.329062847,1.391677889,0.153390118,1.802369158,0.357443765
1.336527949,1.39923728,0.151780539,1.808003757,0.355772739
1.359948542,1.422953685,0.14678509,1.813684188,0.354082367
1.364531848,1.427594881,0.145817315,1.81921755,0.352632214
1.36759724,1.43069899,0.145171868,1.824830953,0.351123488
1.370989006,1.434133597,0.144459408,1.830546375,0.34952663
1.374964066,1.438158864,0.143626716,1.836363557,0.34784085
1.385261547,1.448586406,0.141481201,1.842278935,0.346069868
1.389145316,1.452519229,0.140676381,1.848214225,0.344320035
1.401344831,1.464872831,0.138164076,1.854254606,0.342476482
1.411172064,1.474824186,0.13615786,1.860293403,0.340684888
1.412327706,1.475994425,0.135922976,1.86636261,0.338903601
1.422983497,1.486784803,0.133767553,1.872582266,0.336969559
1.435049387,1.499003091,0.13134967,1.878826694,0.335054007
1.454273507,1.518470022,0.127547971,1.885077078,0.333184467
1.466578716,1.530930651,0.125147596,1.891231415,0.331500524
1.46935877,1.533745819,0.124608899,1.897385802,0.32987622
1.471321956,1.535733801,0.124229292,1.903680317,0.328127761
1.480514791,1.545042747,0.122460631,1.910133427,0.326227766
1.488252194,1.552877876,0.120983393,1.9166428,0.324313522
1.489355962,1.553995585,0.120773513,1.923233425,0.322352438
1.494079073,1.558778352,0.119877833,1.93001276,0.320196343
1.494484544,1.559188944,0.119801123,1.936932343,0.31790809
1.513328083,1.578270486,0.116268163,1.944068597,0.315375053
1.51826117,1.583265881,0.11535366,1.951129917,0.313011392
1.519994861,1.585021469,0.115033295,1.958344396,0.310496311
1.532779214,1.597967295,0.112687489,1.96577405,0.307735402
1.536377054,1.601610577,0.112032602,1.973239478,0.304986208
1.543014595,1.608331954,0.110830533,1.980903731,0.302009593
1.55224318,1.6176771,0.109172428,1.98872318,0.298863834
1.569259615,1.634908461,0.106155532,1.99665918,0.295603552
1.592770754,1.658716558,0.102073979,2.004573986,0.292437565
1.648134932,1.714780012,0.092863706,2.012343859,0.28955417
1.65813068,1.724902011,0.091261103,2.019347877,0.287810022
1.659550796,1.726340064,0.091034917,2.026430567,0.28606044
1.670943033,1.737876191,0.089233927,2.033768162,0.284075155
1.681576716,1.748644183,0.087574504,2.041172757,0.28210176
1.68192174,1.748993564,0.087521012,2.048664341,0.280117912
1.696181573,1.763433506,0.085329418,2.056467375,0.277823147
1.713342722,1.780811408,0.082741683,2.064299675,0.275596909
1.719589307,1.787136892,0.081813233,2.072098718,0.273529399
1.732721187,1.800434633,0.079884809,2.080110296,0.271298324
1.735878998,1.803632329,0.079425808,2.088189112,0.269100525
1.738872677,1.80666382,0.078992354,2.096577448,0.266611811
1.742668781,1.81050787,0.07844508,2.105301955,0.263784129
1.754986154,1.822980818,0.076687491,2.114367784,0.260595585
1.764052346,1.83216152,0.075411533,2.123582698,0.257315364
1.785870494,1.854255242,0.072402215,2.133044023,0.253801463
1.8227236,1.891573821,0.067514499,2.142427091,0.250531365
1.849263728,1.918449165,0.064144897,2.151307744,0.248108573
1.849591247,1.91878082,0.064104094,2.159937573,0.246187881
1.86755799,1.936974492,0.061894607,2.169065406,0.243804469
1.86755896,1.936975475,0.061894489,2.178201994,0.241601361
1.883150697,1.952764142,0.060022785,2.187909589,0.238838876
1.895889176,1.965663515,0.05852486,2.197740521,0.236113689
1.910064953,1.980018339,0.056890697,2.207802233,0.233292687
1.922942026,1.993058056,0.05543593,2.218069035,0.230421551
1.929532054,1.999731319,0.054702284,2.228609286,0.227419004
1.943621186,2.013998403,0.053158252,2.23968622,0.223921676
1.950775395,2.021242974,0.0523869,2.251073337,0.220239689
1.955912308,2.026444769,0.051838283,2.263085255,0.215913949
1.99795608,2.069019574,0.047510329,2.275884127,0.210647585
2.011256681,2.082488169,0.046200455,2.287967955,0.206701682
2.014060155,2.085327051,0.045927942,2.300545741,0.20235675
2.021043561,2.092398662,0.045254498,2.314187911,0.196714395
2.064492861,2.136396748,0.04123439,2.328845129,0.189695153
2.116791021,2.18935546,0.036771735,2.342758406,0.184110571
2.132153411,2.204911883,0.03553613,2.35531215,0.180887135
2.133868247,2.206648379,0.035400276,2.368439134,0.177396699
2.163235949,2.23638701,0.03313714,2.383099815,0.172250003
2.225944332,2.29988743,0.02869225,2.397757406,0.167649328
2.240893199,2.315025109,0.027707344,2.410029768,0.166839369
2.256723497,2.331055352,0.026694528,2.423040274,0.16609539
2.259308951,2.333673461,0.026532018,2.436900005,0.165443142
2.269754624,2.344251068,0.025883653,2.453044646,0.163303411
2.303916698,2.378844625,0.023853173,2.471373649,0.159765552
2.339624806,2.415003745,0.02187286,2.489979976,0.157546698
2.346647031,2.422114664,0.021499903,2.508774373,0.157269189
2.380745351,2.456643663,0.01976315,2.531935422,0.154431684
2.383144775,2.459073392,0.019645478,2.557133767,0.152595342
2.41245368,2.488752483,0.01825472,2.591931565,0.141509796
2.497200392,2.574569588,0.014689954,2.636801036,0.115231217
2.594424588,2.673021774,0.011345775,2.683334585,0.083217326
2.696224053,2.776107016,0.008567561,2.727789583,0.044640402
2.759355114,2.840035454,0.007159695,2.759355114,#DIV/0!
